report_id,x,y
309,0.12431999999999999,0.4488
282,0.12886,0.5286
294,0.1267,0.4226
360,0.5,0.5
