report_id,x,y
11,0.49506,0.4152
25,0.71252,0.8234
50,0.6131000000000001,0.8617
14,0.41202,0.41900000000000004
15,0.5,0.5
