report_id,x,y
309,0.62984,0.4488
310,0.62984,0.4488
282,0.54246,0.5286
294,0.63936,0.4226
360,0.5,0.5
