report_id,x,y
309,0.6215999999999999,0.4488
310,0.6215999999999999,0.4488
282,0.6443,0.5286
294,0.6335,0.4226
360,0.5,0.5
